{"cameraMode":{"drawMode":0,"name":"Shaded","section":"Shading Mode"},"sceneLighting":true,"audioPlay":false,"sceneViewState":{"m_AlwaysRefresh":false,"showFog":false,"showSkybox":true,"showFlares":true,"showImageEffects":true,"showParticleSystems":true,"showVisualEffectGraphs":true,"m_FxEnabled":true},"in2DMode":false,"pivot":{"x":2.142472267150879,"y":1.3025773763656617,"z":-3.711266279220581},"rotation":{"x":0.03570283576846123,"y":0.12647584080696107,"z":-0.004555119667202234,"w":0.9913169145584106},"size":2.1540310382843019,"orthographic":false}